date,region_id,rain_mm,river_level_cm,tide_cm,temperature_avg,humidity_avg,wind_speed,elevation_m,api_7d,flood_event
2021-01-01,3174,5.2,165,110,27.5,88,2.1,22.5,5.2,0
2021-01-01,3216,8.1,180,105,27.8,89,2.5,18.1,8.1,0
2021-01-01,3374,2.5,155,125,28.1,85,3.1,4.5,2.5,0
2021-01-01,3578,1.0,152,128,28.5,84,3.5,7.8,1.0,0
2021-01-01,1671,10.5,190,95,27.2,90,1.9,12.3,10.5,0
2021-01-02,3174,15.8,175,108,27.1,90,2.4,22.5,21.0,0
2021-01-02,3216,22.5,195,103,27.3,91,2.8,18.1,30.6,0
2021-01-02,3374,0.0,153,122,28.4,82,2.9,4.5,2.5,0
2021-01-02,3578,0.5,151,125,28.7,81,3.8,7.8,1.5,0
2021-01-02,1671,25.1,210,98,26.9,92,2.2,12.3,35.6,0
2021-01-03,3174,45.2,220,112,26.8,92,3.1,22.5,66.2,0
2021-01-03,3216,55.9,240,107,26.5,93,3.5,18.1,86.5,0
2021-01-03,3374,1.2,154,119,28.6,83,3.3,4.5,3.7,0
2021-01-03,3578,0.0,150,121,29.0,80,4.1,7.8,1.5,0
2021-01-03,1671,3.3,205,101,27.5,89,2.0,12.3,38.9,0
2021-01-04,3174,85.5,310,115,26.2,95,4.2,22.5,151.7,1
2021-01-04,3216,102.1,340,110,26.0,95,4.8,18.1,188.6,1
2021-01-04,3374,25.6,180,115,27.4,90,3.8,4.5,29.3,0
2021-01-04,3578,15.8,170,118,27.8,88,4.5,7.8,17.3,0
2021-01-04,1671,0.0,195,105,28.1,86,1.8,12.3,38.9,0
2021-01-05,3174,35.1,300,118,26.7,93,3.8,22.5,186.8,1
2021-01-05,3216,41.3,330,113,26.4,94,4.1,18.1,229.9,1
2021-01-05,3374,65.2,250,112,26.9,94,4.2,4.5,94.5,1
2021-01-05,3578,42.1,210,115,27.1,91,4.8,7.8,59.4,0
2021-01-05,1671,0.0,188,108,28.5,84,1.5,12.3,38.9,0
2021-01-06,3174,10.5,280,121,27.2,91,3.2,22.5,197.3,1
2021-01-06,3216,12.8,310,116,27.0,92,3.6,18.1,242.7,1
2021-01-06,3374,20.5,240,108,27.3,91,3.9,4.5,115.0,1
2021-01-06,3578,55.3,245,112,26.8,93,5.0,7.8,114.7,1
2021-01-06,1671,1.2,185,112,28.8,83,1.7,12.3,40.1,0
2021-01-07,3174,2.2,250,124,27.8,89,2.8,22.5,194.3,0
2021-01-07,3216,5.1,280,119,27.5,90,3.1,18.1,242.7,1
2021-01-07,3374,5.1,220,105,27.9,88,3.5,4.5,118.8,1
2021-01-07,3578,10.2,230,109,27.5,90,4.6,7.8,124.9,1
2021-01-07,1671,0.0,180,115,29.1,81,1.4,12.3,29.6,0
2021-01-08,3174,0.0,220,120,28.1,86,2.5,22.5,178.5,0
2021-01-08,3216,0.0,250,115,28.0,87,2.9,18.1,216.7,0
2021-01-08,3374,0.0,190,102,28.5,84,3.1,4.5,117.6,0
2021-01-08,3578,1.5,200,106,28.1,87,4.2,7.8,124.9,0
2021-01-08,1671,0.0,175,118,29.4,80,1.2,12.3,29.6,0
2022-02-15,3174,0.0,162,105,28.9,82,1.9,22.5,0.0,0
2022-02-15,3216,0.0,175,101,29.1,83,2.2,18.1,0.0,0
2022-02-15,3374,0.0,151,128,29.5,80,3.5,4.5,0.0,0
2022-02-15,3578,0.0,149,130,29.8,79,4.0,7.8,0.0,0
2022-02-15,1671,0.0,185,92,28.6,85,1.5,12.3,0.0,0
2022-02-16,3174,28.1,190,108,27.3,91,3.0,22.5,28.1,0
2022-02-16,3216,35.2,210,104,27.1,92,3.4,18.1,35.2,0
2022-02-16,3374,41.5,200,125,26.9,93,4.1,4.5,41.5,0
2022-02-16,3578,50.3,220,127,26.5,94,4.7,7.8,50.3,0
2022-02-16,1671,15.8,205,95,27.0,90,2.1,12.3,15.8,0
2022-02-17,3174,65.3,280,111,26.4,94,4.1,22.5,93.4,1
2022-02-17,3216,72.8,300,107,26.2,95,4.5,18.1,108.0,1
2022-02-17,3374,80.1,290,122,26.0,95,4.8,4.5,121.6,1
2022-02-17,3578,95.2,310,124,25.8,95,5.0,7.8,145.5,1
2022-02-17,1671,42.7,250,99,26.5,93,2.8,12.3,58.5,0
2022-02-18,3174,10.1,270,114,27.0,92,3.5,22.5,103.5,1
2022-02-18,3216,15.5,290,110,26.8,93,3.9,18.1,123.5,1
2022-02-18,3374,5.5,280,119,27.5,90,4.2,4.5,127.1,1
2022-02-18,3578,8.8,300,121,27.2,91,4.9,7.8,154.3,1
2022-02-18,1671,20.1,260,102,26.8,92,2.5,12.3,78.6,1
2022-02-19,3174,1.5,240,117,27.8,89,2.9,22.5,105.0,0
2022-02-19,3216,2.1,260,113,27.6,90,3.2,18.1,125.6,1
2022-02-19,3374,0.0,250,116,28.1,87,3.8,4.5,127.1,1
2022-02-19,3578,1.2,280,118,27.9,88,4.5,7.8,155.5,1
2022-02-19,1671,5.2,250,105,27.4,90,2.3,12.3,83.8,0
2022-02-20,3174,0.0,210,120,28.3,85,2.4,22.5,105.0,0
2022-02-20,3216,0.0,230,116,28.2,86,2.8,18.1,125.6,0
2022-02-20,3374,0.0,220,113,28.7,84,3.4,4.5,127.1,0
2022-02-20,3578,0.0,250,115,28.5,85,4.1,7.8,155.5,1
2022-02-20,1671,0.0,220,108,28.0,87,1.9,12.3,83.8,0
2022-02-21,3174,0.0,180,123,28.8,83,2.1,22.5,105.0,0
2022-02-21,3216,0.0,200,119,28.7,84,2.5,18.1,125.6,0
2022-02-21,3374,0.0,190,110,29.0,81,3.1,4.5,127.1,0
2022-02-21,3578,0.0,220,112,29.1,82,3.9,7.8,155.5,0
2022-02-21,1671,0.0,195,111,28.6,84,1.6,12.3,83.8,0
2022-02-22,3174,0.0,165,126,29.2,81,1.8,22.5,105.0,0
2022-02-22,3216,0.0,185,122,29.1,82,2.3,18.1,125.6,0
2022-02-22,3374,0.0,170,107,29.4,80,2.9,4.5,127.1,0
2022-02-22,3578,0.0,190,109,29.5,80,3.7,7.8,155.5,0
2022-02-22,1671,0.0,180,114,29.0,82,1.4,12.3,83.8,0
2023-11-10,3174,0.0,160,102,29.5,78,1.5,22.5,0.0,0
2023-11-10,3216,0.0,172,98,29.6,79,1.8,18.1,0.0,0
2023-11-10,3374,0.0,150,121,29.8,76,3.0,4.5,0.0,0
2023-11-10,3578,0.0,148,124,30.0,75,3.4,7.8,0.0,0
2023-11-10,1671,0.0,182,90,29.1,81,1.1,12.3,0.0,0
2023-11-11,3174,1.2,162,105,29.2,80,1.7,22.5,1.2,0
2023-11-11,3216,0.8,173,101,29.3,81,2.0,18.1,0.8,0
2023-11-11,3374,5.5,158,124,29.1,82,3.3,4.5,5.5,0
2023-11-11,3578,8.1,160,127,28.9,83,3.7,7.8,8.1,0
2023-11-11,1671,2.3,185,93,28.8,84,1.4,12.3,2.3,0
2023-11-12,3174,12.5,178,109,28.1,88,2.5,22.5,13.7,0
2023-11-12,3216,15.3,185,105,27.9,89,2.9,18.1,16.1,0
2023-11-12,3374,20.1,175,120,27.5,90,3.8,4.5,25.6,0
2023-11-12,3578,25.6,180,123,27.2,91,4.2,7.8,33.7,0
2023-11-12,1671,18.9,200,97,27.4,91,2.1,12.3,21.2,0
2023-11-13,3174,33.8,210,113,27.0,92,3.3,22.5,47.5,0
2023-11-13,3216,40.1,220,109,26.8,93,3.7,18.1,56.2,0
2023-11-13,3374,5.2,178,117,27.9,88,3.5,4.5,30.8,0
2023-11-13,3578,2.1,175,120,28.3,86,3.9,7.8,35.8,0
2023-11-13,1671,50.5,260,101,26.5,94,2.8,12.3,71.7,1
2023-11-14,3174,75.1,290,117,26.3,95,4.5,22.5,122.6,1
2023-11-14,3216,88.2,320,113,26.1,95,4.9,18.1,144.4,1
2023-11-14,3374,0.0,175,114,28.5,84,3.2,4.5,30.8,0
2023-11-14,3578,0.0,172,117,28.8,83,3.6,7.8,35.8,0
2023-11-14,1671,95.2,350,104,26.0,95,3.5,12.3,166.9,1
2023-11-15,3174,20.5,280,121,26.9,93,3.9,22.5,143.1,1
2023-11-15,3216,25.6,310,117,26.7,94,4.2,18.1,170.0,1
2023-11-15,3374,0.0,170,111,28.9,81,2.9,4.5,30.8,0
2023-11-15,3578,0.0,168,114,29.2,80,3.4,7.8,35.8,0
2023-11-15,1671,33.1,340,108,26.4,94,3.1,12.3,200.0,1
2023-11-16,3174,5.1,260,125,27.4,90,3.1,22.5,148.2,1
2023-11-16,3216,8.8,290,121,27.2,91,3.5,18.1,178.8,1
2023-11-16,3374,0.0,165,108,29.3,79,2.7,4.5,25.3,0
2023-11-16,3578,0.0,165,111,29.5,78,3.2,7.8,35.8,0
2023-11-16,1671,10.8,320,112,27.0,92,2.7,12.3,210.8,1
2023-11-17,3174,0.0,230,128,28.0,87,2.7,22.5,147.0,0
2023-11-17,3216,1.2,260,124,27.8,88,3.1,18.1,178.0,1
2023-11-17,3374,0.0,162,105,29.6,77,2.5,4.5,5.2,0
2023-11-17,3578,0.0,162,108,29.8,76,3.0,7.8,2.1,0
2023-11-17,1671,2.5,290,115,27.6,89,2.4,12.3,211.0,1
2024-01-20,3174,125.2,360,122,26.1,95,4.8,22.5,125.2,1
2024-01-20,3216,140.5,380,118,25.9,95,5.0,18.1,140.5,1
2024-01-20,3374,80.8,280,115,26.5,94,4.5,4.5,80.8,1
2024-01-20,3578,95.1,300,112,26.3,95,4.9,7.8,95.1,1
2024-01-20,1671,60.3,290,119,26.8,93,3.1,12.3,60.3,1
2024-01-21,3174,40.3,350,125,26.6,94,4.2,22.5,165.5,1
2024-01-21,3216,55.1,370,121,26.4,95,4.7,18.1,195.6,1
2024-01-21,3374,22.4,270,118,27.1,92,4.1,4.5,103.2,1
2024-01-21,3578,35.2,290,115,26.9,93,4.6,7.8,130.3,1
2024-01-21,1671,15.8,280,122,27.2,91,2.8,12.3,76.1,1
2024-01-22,3174,10.8,320,128,27.2,91,3.8,22.5,176.3,1
2024-01-22,3216,12.3,350,124,27.0,92,4.1,18.1,207.9,1
2024-01-22,3374,5.9,250,121,27.8,89,3.8,4.5,109.1,1
2024-01-22,3578,8.1,270,118,27.5,90,4.3,7.8,138.4,1
2024-01-22,1671,2.1,260,125,27.8,88,2.4,12.3,78.2,0
2024-01-23,3174,2.5,280,130,27.9,88,3.1,22.5,178.8,1
2024-01-23,3216,5.5,320,127,27.6,89,3.6,18.1,213.4,1
2024-01-23,3374,0.0,220,124,28.4,85,3.4,4.5,109.1,0
2024-01-23,3578,1.5,240,121,28.1,87,3.9,7.8,139.9,0
2024-01-23,1671,0.0,240,128,28.3,85,2.1,12.3,78.2,0
2024-01-24,3174,0.0,250,127,28.5,85,2.8,22.5,178.8,0
2024-01-24,3216,0.0,290,123,28.2,86,3.2,18.1,213.4,1
2024-01-24,3374,0.0,190,120,28.9,82,3.0,4.5,109.1,0
2024-01-24,3578,0.0,210,118,28.7,84,3.5,7.8,139.9,0
2024-01-24,1671,0.0,220,124,28.8,83,1.8,12.3,78.2,0
2024-01-25,3174,0.0,220,124,28.9,83,2.4,22.5,178.8,0
2024-01-25,3216,0.0,260,120,28.7,84,2.9,18.1,213.4,1
2024-01-25,3374,0.0,170,117,29.3,80,2.8,4.5,109.1,0
2024-01-25,3578,0.0,190,115,29.1,82,3.3,7.8,139.9,0
2024-01-25,1671,0.0,200,121,29.2,81,1.6,12.3,78.2,0
2024-01-26,3174,0.0,190,121,29.3,81,2.1,22.5,53.6,0
2024-01-26,3216,0.0,230,117,29.1,82,2.6,18.1,72.9,0
2024-01-26,3374,0.0,160,114,29.6,78,2.6,4.5,28.3,0
2024-01-26,3578,0.0,175,112,29.5,80,3.1,7.8,44.8,0
2024-01-26,1671,0.0,185,118,29.5,80,1.4,12.3,18.1,0
2024-01-27,3174,0.0,170,118,29.6,80,1.9,22.5,13.3,0
2024-01-27,3216,0.0,200,114,29.4,81,2.4,18.1,17.8,0
2024-01-27,3374,0.0,155,111,29.8,77,2.4,4.5,5.9,0
2024-01-27,3578,0.0,165,109,29.8,78,2.9,7.8,9.6,0
2024-01-27,1671,0.0,178,115,29.7,79,1.2,12.3,2.1,0
2024-12-15,6271,25.5,210,115,27.5,92,2.8,25.0,25.5,0
2024-12-15,7371,5.1,190,125,29.5,85,4.1,8.0,5.1,0
2024-12-16,6271,30.1,225,112,27.2,93,3.1,25.0,55.6,0
2024-12-16,7371,10.2,205,122,29.1,87,4.5,8.0,15.3,0
2024-12-17,6271,15.8,220,118,27.8,91,2.5,25.0,71.4,0
2024-12-17,7371,88.1,290,118,28.2,92,4.8,8.0,103.4,1
2024-12-18,6271,45.2,250,121,26.9,94,3.5,25.0,116.6,0
2024-12-18,7371,110.5,340,115,27.8,94,5.0,8.0,213.9,1
2024-12-19,6271,95.3,330,124,26.5,95,4.2,25.0,211.9,1
2024-12-19,7371,40.3,330,120,28.0,93,4.7,8.0,254.2,1
2024-12-20,6271,110.1,360,120,26.2,95,4.5,25.0,322.0,1
2024-12-20,7371,20.1,310,124,28.5,90,4.3,8.0,274.3,1
2024-12-21,6271,20.5,340,117,27.1,93,3.8,25.0,342.5,1
2024-12-21,7371,5.5,280,128,29.0,88,4.0,8.0,279.8,0
2025-01-15,3174,60.5,280,115,27.0,93,3.5,22.5,60.5,0
2025-01-15,3216,75.1,300,111,26.8,94,3.9,18.1,75.1,1
2025-01-15,6271,40.2,280,120,26.9,95,3.2,25.0,40.2,0
2025-01-15,7371,90.3,320,125,28.0,94,4.8,8.0,90.3,1
2025-01-16,3174,110.2,350,118,26.5,95,4.1,22.5,170.7,1
2025-01-16,3216,125.3,370,114,26.2,95,4.5,18.1,200.4,1
2025-01-16,6271,85.5,340,123,26.5,95,3.8,25.0,125.7,1
2025-01-16,7371,130.1,380,121,27.5,95,5.0,8.0,220.4,1
2025-01-17,3174,25.5,330,122,26.9,94,3.8,22.5,196.2,1
2025-01-17,3216,30.1,360,117,26.7,95,4.0,18.1,230.5,1
2025-01-17,6271,22.8,320,126,27.0,94,3.5,25.0,148.5,1
2025-01-17,7371,45.2,370,117,27.8,95,4.9,8.0,265.6,1
2025-01-18,3174,5.1,300,126,27.5,91,3.1,22.5,201.3,1
2025-01-18,3216,8.8,330,120,27.2,92,3.6,18.1,239.3,1
2025-01-18,6271,5.5,290,129,27.6,92,3.0,25.0,154.0,0
2025-01-18,7371,10.5,340,114,28.2,92,4.6,8.0,276.1,1
2025-01-19,3174,0.0,270,129,28.1,88,2.8,22.5,201.3,0
2025-01-19,3216,1.2,300,124,27.8,90,3.2,18.1,240.5,1
2025-01-19,6271,0.0,260,125,28.0,90,2.7,25.0,154.0,0
2025-01-19,7371,2.1,310,119,28.8,89,4.2,8.0,278.2,1
2025-01-20,3174,0.0,240,125,28.5,86,2.5,22.5,201.3,0
2025-01-20,3216,0.0,270,128,28.3,87,2.9,18.1,240.5,0
2025-01-20,6271,0.0,230,122,28.4,88,2.4,25.0,154.0,0
2025-01-20,7371,0.0,280,123,29.2,86,3.9,8.0,278.2,0
2025-01-21,3174,0.0,210,121,28.9,84,2.2,22.5,140.8,0
2025-01-21,3216,0.0,240,125,28.8,85,2.6,18.1,165.4,0
2-21,6271,0.0,200,119,28.8,86,2.1,25.0,114.0,0
2025-01-21,7371,0.0,250,127,29.5,84,3.7,8.0,187.9,0
2025-02-01,3174,0.0,180,118,29.2,82,2.0,22.5,5.1,0
2025-02-01,3216,0.0,210,122,29.0,83,2.4,18.1,10.0,0
2025-02-01,6271,0.0,180,116,29.1,85,1.9,25.0,5.5,0
2025-02-01,7371,0.0,220,124,29.8,82,3.5,8.0,12.6,0
2024-02-15,REG-D,10.1,208.2,0.0,27.0,88.1,7.8,250,11.2,0
2023-08-20,REG-A,0.0,121.1,58.8,28.9,74.5,12.1,5,0.0,0
2025-01-29,REG-E,155.2,468.4,0.0,24.1,97.5,18.9,800,165.4,1
2023-01-10,REG-B,22.5,198.7,98.5,26.5,90.1,14.3,60,45.1,0
2024-07-05,REG-C,0.0,175.4,0.0,29.2,71.2,8.5,150,15.8,0
2023-12-18,REG-A,88.9,355.4,105.1,25.2,95.8,16.7,5,130.2,1
2024-11-25,REG-D,65.3,310.5,0.0,25.8,93.5,11.2,175,95.1,1
2025-03-01,REG-B,5.2,144.1,45.2,27.8,85.2,9.1,10,68.4,0
2023-06-15,REG-E,2.1,88.5,0.0,28.1,79.8,7.2,450,5.6,0
2024-02-02,REG-C,75.1,301.2,0.0,25.5,94.8,13.5,300,102.3,1
2023-09-11,REG-D,0.0,198.5,0.0,29.5,69.8,6.4,175,2.4,0
2024-12-29,REG-A,120.5,450.8,125.4,24.8,98.1,19.2,45,210.6,1
2023-02-22,REG-E,95.4,350.1,0.0,24.9,96.2,15.8,600,125.7,1
2025-02-14,REG-B,45.8,280.4,110.2,26.1,92.4,12.9,60,88.1,0
2023-07-30,REG-C,0.0,180.1,0.0,29.8,70.1,7.9,150,0.5,0
2024-01-20,REG-D,98.2,380.7,0.0,25.1,96.5,17.1,250,145.9,1
2023-11-05,REG-A,35.2,240.6,88.9,26.8,91.5,11.8,5,75.3,0
2025-01-08,REG-E,180.3,580.2,0.0,23.5,98.8,22.1,800,240.1,1
2023-03-15,REG-B,68.4,330.1,120.5,25.7,94.1,15.2,10,110.8,1
2024-08-10,REG-C,0.0,178.9,0.0,30.1,68.5,5.9,300,1.2,0
2023-12-01,REG-D,42.1,265.3,0.0,26.4,92.1,10.5,175,65.7,0
2024-03-05,REG-A,75.8,340.2,95.4,25.4,95.1,14.8,45,122.6,1
2023-01-25,REG-E,110.6,401.5,0.0,24.5,97.1,17.5,450,140.3,1
2025-02-28,REG-B,15.3,180.8,75.1,27.2,88.5,10.2,60,35.9,0
2023-09-22,REG-C,0.0,181.2,0.0,29.6,72.3,8.1,150,0.1,0
2024-11-15,REG-D,85.1,355.9,0.0,25.3,95.5,16.2,250,120.4,1
2023-02-10,REG-A,55.2,295.7,115.8,26.0,93.2,13.1,5,98.6,0
2025-01-22,REG-E,210.2,650.8,0.0,23.1,98.9,24.5,600,288.7,1
2023-12-25,REG-B,95.6,395.4,128.9,25.0,96.8,18.1,10,155.2,1
2024-06-20,REG-C,1.5,182.4,0.0,28.8,78.5,6.8,300,8.9,0
2023-08-15,REG-D,0.0,200.1,0.0,30.2,68.2,5.5,175,0.0,0
2024-02-20,REG-A,105.3,410.6,122.1,24.9,97.8,18.5,45,185.4,1
2023-03-02,REG-E,65.2,280.4,0.0,25.6,93.8,13.2,800,95.8,0
2025-03-10,REG-B,2.1,135.2,30.1,28.1,82.1,8.2,60,25.6,0
2023-07-12,REG-C,0.0,180.5,0.0,29.9,70.8,7.5,150,0.0,0
2024-01-05,REG-D,55.8,290.1,0.0,26.0,92.8,12.3,250,85.4,0
2023-11-20,REG-A,42.5,265.8,99.2,26.5,92.2,12.5,5,85.1,0
2025-02-05,REG-E,135.7,480.3,0.0,24.2,97.9,19.8,450,195.2,1
2023-01-18,REG-B,82.1,365.2,125.3,25.3,95.6,16.5,10,135.8,1
2024-09-01,REG-C,0.0,179.8,0.0,29.7,71.5,7.1,300,0.0,0
2023-12-11,REG-D,78.4,340.6,0.0,25.4,95.2,15.5,175,115.3,1
2024-03-20,REG-A,92.3,380.5,110.8,25.1,96.4,17.2,45,160.7,1
2023-02-18,REG-E,45.1,220.8,0.0,26.2,91.8,11.5,600,75.4,0
2025-01-15,REG-B,35.6,250.3,100.1,26.6,91.1,11.9,60,65.2,0
2023-08-28,REG-C,0.0,180.0,0.0,30.5,67.9,5.2,150,0.0,0
2024-12-05,REG-D,110.2,420.1,0.0,24.8,97.2,18.8,250,170.5,1
2023-01-02,REG-A,65.7,320.4,118.2,25.8,94.5,14.1,5,110.3,1
2025-03-08,REG-E,88.9,340.7,0.0,25.0,96.1,16.1,800,120.1,1
2023-06-25,REG-B,0.0,105.8,15.2,29.1,75.8,9.8,10,10.5,0
2024-07-22,REG-C,0.0,179.2,0.0,29.4,72.8,8.3,300,0.2,0
2023-11-12,REG-D,25.3,235.8,0.0,27.1,89.5,9.5,175,45.6,0
2024-01-28,REG-A,82.4,360.1,102.3,25.3,95.9,15.9,45,140.2,1
2023-03-25,REG-E,125.3,450.6,0.0,24.3,97.6,18.2,450,165.8,1
2025-02-20,REG-B,62.1,315.7,115.4,25.9,93.6,14.5,60,105.3,1
2023-10-05,REG-C,0.5,181.5,0.0,28.5,80.1,7.3,150,1.8,0
2024-11-28,REG-D,95.7,385.2,0.0,25.0,96.8,17.8,250,142.1,1
2023-02-01,REG-A,48.9,280.3,105.7,26.2,92.5,12.8,5,90.4,0
2025-01-10,REG-E,195.8,620.4,0.0,23.3,98.9,23.5,600,265.3,1
2023-12-30,REG-B,102.4,415.8,129.5,24.9,97.3,19.5,10,175.6,1
2024-08-18,REG-C,0.0,178.5,0.0,30.3,68.1,5.1,300,0.0,0
2023-09-05,REG-D,0.0,199.5,0.0,29.8,69.2,6.1,175,0.8,0
2024-02-12,REG-A,115.6,435.2,128.4,24.7,98.2,19.9,45,200.1,1
2023-03-10,REG-E,75.3,305.8,0.0,25.3,94.5,14.2,800,105.9,1
2025-03-18,REG-B,0.0,110.2,20.5,28.5,79.5,8.8,60,5.4,0
2023-07-01,REG-C,0.0,180.8,0.0,29.7,71.1,7.7,150,0.0,0
2024-01-12,REG-D,72.1,325.4,0.0,25.6,94.2,14.6,250,108.7,1
2023-11-28,REG-A,58.3,305.1,110.3,25.9,93.8,13.8,5,105.2,1
2025-02-12,REG-E,165.4,550.9,0.0,23.8,98.5,21.2,450,225.8,1
2023-01-28,REG-B,98.2,400.7,128.1,25.0,96.9,18.3,10,160.4,1
2024-09-15,REG-C,0.0,179.5,0.0,29.5,72.1,7.4,300,0.0,0
2023-12-05,REG-D,88.6,365.3,0.0,25.2,95.8,16.8,175,130.2,1
2024-03-12,REG-A,108.9,420.8,118.7,24.8,97.5,18.1,45,180.3,1
2023-02-25,REG-E,35.2,195.4,0.0,26.8,90.2,10.8,600,60.1,0
2025-01-25,REG-B,42.8,270.6,105.8,26.3,91.8,12.2,60,78.5,0
2023-08-05,REG-C,0.0,180.2,0.0,30.8,67.5,4.9,150,0.0,0
2024-12-15,REG-D,125.7,460.2,0.0,24.5,98.1,20.1,250,195.4,1
2023-01-12,REG-A,78.3,350.1,122.5,25.4,95.3,15.3,5,125.8,1
2025-03-15,REG-E,99.8,380.5,0.0,24.8,96.8,17.3,800,140.2,1
2023-06-10,REG-B,0.0,98.5,5.8,29.5,74.2,9.2,10,1.5,0
2024-07-15,REG-C,0.0,179.0,0.0,29.6,72.5,8.0,300,0.0,0
2023-11-01,REG-D,15.8,220.4,0.0,27.5,87.2,9.0,175,28.9,0
2024-01-22,REG-A,95.1,390.8,112.4,25.0,96.7,17.6,45,165.3,1
2023-03-18,REG-E,140.2,495.7,0.0,24.0,98.2,19.3,450,185.6,1
2025-02-25,REG-B,75.4,350.2,120.1,25.5,94.8,15.8,60,125.7,1
2023-10-15,REG-C,1.2,182.1,0.0,28.3,81.2,7.0,150,2.5,0
2024-11-18,REG-D,105.3,410.8,0.0,24.9,97.5,18.3,250,160.1,1
2023-02-08,REG-A,62.4,310.5,115.1,25.8,94.1,13.5,5,108.2,1
2025-01-01,REG-E,248.6,681.4,0.0,23.0,98.9,26.5,600,310.5,1
2024-01-01,REG-B,115.8,450.3,129.8,24.6,98.3,20.5,10,195.4,1
2024-08-25,REG-C,0.0,178.2,0.0,30.4,68.0,4.8,300,0.0,0
2023-09-18,REG-D,0.0,198.8,0.0,29.7,69.5,6.0,175,0.0,0
2024-02-25,REG-A,125.4,465.8,129.1,24.5,98.5,21.1,45,225.3,1
2023-03-05,REG-E,85.2,330.1,0.0,25.1,95.5,15.1,800,118.4,1
2025-03-25,REG-B,0.0,102.4,10.2,28.8,78.1,8.5,60,0.5,0
2023-06-22,REG-C,0.0,181.0,0.0,29.5,71.8,7.8,150,0.0,0
2024-01-18,REG-D,85.3,360.2,0.0,25.3,95.3,16.3,250,125.7,1
2023-11-15,REG-A,72.1,340.6,118.9,25.6,94.9,14.9,5,120.8,1
2025-02-22,REG-E,185.9,595.3,0.0,23.5,98.8,22.8,450,255.1,1
2023-01-22,REG-B,110.5,435.1,129.3,24.8,97.8,19.8,10,180.2,1
2024-09-25,REG-C,0.0,179.3,0.0,29.3,72.9,7.6,300,0.0,0
2023-12-15,REG-D,99.8,400.5,0.0,24.9,96.9,18.0,175,150.3,1
2024-03-01,REG-A,120.2,455.7,125.8,24.6,98.0,20.3,45,205.4,1
2023-02-12,REG-E,25.8,165.2,0.0,27.2,88.8,9.8,600,45.1,0
2025-01-30,REG-B,55.1,300.4,110.5,26.0,92.9,13.3,60,95.6,1
2023-08-12,REG-C,0.0,180.4,0.0,31.0,67.2,4.5,150,0.0,0
2024-12-25,REG-D,140.3,500.8,0.0,24.2,98.6,21.8,250,220.1,1
2023-01-05,REG-A,92.4,385.2,125.1,25.1,96.3,16.9,5,150.7,1
2025-03-22,REG-E,110.3,420.9,0.0,24.6,97.3,18.5,800,160.5,1
2023-06-01,REG-B,0.0,95.3,2.1,29.8,73.5,9.0,10,0.2,0
2024-07-08,REG-C,0.0,178.8,0.0,29.8,72.2,8.2,300,0.0,0
2023-10-25,REG-D,5.2,208.7,0.0,28.1,83.5,8.1,175,10.3,0
2024-01-15,REG-A,105.8,425.3,118.2,24.9,97.2,18.8,45,185.9,1
2023-03-22,REG-E,155.6,530.1,0.0,23.9,98.4,20.5,450,210.3,1
2025-02-18,REG-B,88.9,380.6,125.2,25.2,95.9,16.8,60,145.1,1
2023-10-22,REG-C,2.5,183.2,0.0,28.0,82.3,6.9,150,4.8,0
2024-11-10,REG-D,118.4,445.9,0.0,24.6,97.9,19.6,250,180.7,1
2023-02-15,REG-A,75.1,345.8,120.3,25.5,95.2,15.0,5,130.4,1
2025-01-05,REG-E,225.4,660.2,0.0,23.2,98.9,25.2,600,295.8,1
2024-01-08,REG-B,125.3,480.9,129.9,24.5,98.8,21.5,10,215.7,1
2024-08-01,REG-C,0.0,178.0,0.0,30.6,67.8,4.6,300,0.0,0
2023-09-28,REG-D,0.0,198.2,0.0,29.6,69.9,6.2,175,0.0,0
2024-02-28,REG-A,135.2,490.5,129.6,24.4,98.8,22.3,45,245.1,1
2023-03-01,REG-E,95.8,365.4,0.0,24.9,96.3,16.6,800,135.2,1
2025-03-30,REG-B,0.0,99.8,8.5,29.0,77.5,8.3,60,0.0,0
2023-06-18,REG-C,0.0,181.1,0.0,29.4,71.9,7.9,150,0.0,0
2024-01-25,REG-D,98.7,395.8,0.0,25.0,96.6,17.9,250,148.3,1
2023-11-10,REG-A,85.3,370.2,122.8,25.3,95.8,16.1,5,145.9,1
2025-02-28,REG-E,200.1,630.7,0.0,23.4,98.9,24.1,450,280.5,1
2023-01-15,REG-B,120.8,465.3,129.7,24.6,98.2,20.8,10,200.4,1
2024-09-30,REG-C,0.0,179.1,0.0,29.2,73.1,7.5,300,0.0,0
2023-12-22,REG-D,110.5,430.1,0.0,24.8,97.3,18.9,175,170.8,1
2024-02-29,REG-A,130.1,480.6,128.8,24.5,98.6,21.9,45,235.2,1
2023-02-05,REG-E,15.2,135.8,0.0,27.8,86.5,9.2,600,25.4,0
2025-02-02,REG-B,68.7,335.9,115.8,25.7,94.3,15.1,60,115.3,1
2023-08-01,REG-C,0.0,180.6,0.0,31.2,67.1,4.3,150,0.0,0
2024-12-30,REG-D,150.2,530.4,0.0,24.0,98.9,22.9,250,240.6,1
2023-01-01,REG-A,105.6,415.8,128.3,24.9,97.1,18.6,5,175.2,1
2025-03-28,REG-E,120.4,450.2,0.0,24.5,97.8,19.1,800,180.9,1
2023-05-25,REG-B,0.0,92.1,0.0,30.1,72.8,8.8,10,0.0,0
2024-07-01,REG-C,0.0,178.6,0.0,29.9,72.0,8.4,300,0.0,0
2023-10-18,REG-D,2.1,203.5,0.0,28.5,82.1,7.8,175,5.3,0
2024-01-10,REG-A,118.9,450.1,122.6,24.7,97.9,19.7,45,205.7,1
2023-03-28,REG-E,170.3,565.8,0.0,23.7,98.6,21.6,450,235.1,1
2025-02-15,REG-B,99.8,410.2,128.5,25.0,96.5,17.9,60,165.4,1
2023-10-30,REG-C,3.8,184.5,0.0,27.8,83.1,6.8,150,6.9,0
2024-11-05,REG-D,130.5,475.3,0.0,24.4,98.3,20.8,250,200.2,1
2023-02-22,REG-A,88.2,375.4,125.7,25.2,95.9,16.2,5,150.1,1
2025-01-12,REG-E,235.1,675.9,0.0,23.1,98.9,25.8,600,305.4,1
2024-01-15,REG-B,135.7,510.4,129.9,24.4,98.8,22.5,10,235.8,1
2024-08-08,REG-C,0.0,177.8,0.0,30.7,67.6,4.4,300,0.0,0
2023-10-02,REG-D,0.0,197.9,0.0,29.5,70.2,6.3,175,0.0,0
2024-03-08,REG-A,145.8,520.1,129.8,24.3,98.9,23.4,45,265.7,1
2023-02-28,REG-E,105.4,400.3,0.0,24.7,96.9,17.7,800,155.8,1
2025-04-05,REG-B,0.0,98.1,5.5,29.2,76.8,8.1,60,0.0,0
2023-06-12,REG-C,0.0,181.3,0.0,29.3,72.0,8.1,150,0.0,0
2024-02-05,REG-D,125.1,465.3,0.0,24.5,98.0,20.5,250,195.7,1
2023-10-30,REG-A,112.4,440.1,128.7,24.8,97.8,19.1,5,190.5,1
2025-03-10,REG-E,225.8,670.4,0.0,23.2,98.9,25.5,450,320.3,1
2023-01-05,REG-B,140.6,525.7,129.9,24.4,98.7,22.9,10,240.1,1
2024-10-12,REG-C,0.0,178.7,0.0,29.0,73.8,7.3,300,0.0,0
2023-12-31,REG-D,135.4,490.2,0.0,24.3,98.2,21.1,175,210.8,1
2024-02-15,REG-A,150.1,540.6,129.7,24.3,98.8,23.8,45,275.4,1
2023-01-25,REG-E,0.0,80.1,0.0,28.5,82.5,8.5,600,0.5,0
2025-02-12,REG-B,95.3,395.7,125.3,25.1,95.8,17.2,60,155.9,1
2023-07-18,REG-C,0.0,180.9,0.0,31.8,66.8,3.9,150,0.0,0
2025-01-08,REG-D,170.5,590.7,0.0,23.8,98.9,24.6,250,280.1,1
2023-01-15,REG-A,130.8,480.2,129.5,24.5,98.1,20.7,5,215.3,1
2025-04-02,REG-E,140.2,510.6,0.0,24.2,98.3,21.3,800,220.8,1
2023-05-12,REG-B,0.0,88.9,0.0,30.5,71.8,8.4,10,0.0,0
2024-06-18,REG-C,0.0,178.2,0.0,30.2,71.5,8.6,300,0.0,0
2023-10-05,REG-D,0.0,200.5,0.0,29.0,79.8,7.5,175,0.0,0
2024-01-01,REG-A,142.3,515.8,128.1,24.4,98.5,22.1,45,245.7,1
2023-04-08,REG-E,200.5,625.3,0.0,23.4,98.9,23.9,450,280.2,1
2025-02-05,REG-B,120.7,470.1,129.4,24.6,98.0,20.3,60,205.6,1
2023-11-08,REG-C,8.2,190.5,0.0,27.1,85.8,6.6,150,12.4,0
2024-10-25,REG-D,155.3,540.9,0.0,24.0,98.9,22.6,250,250.1,1
2023-03-05,REG-A,115.2,445.3,129.3,24.7,97.5,19.5,5,190.8,1
2025-01-25,REG-E,245.1,680.8,0.0,23.0,98.9,26.3,600,325.4,1
2024-01-28,REG-B,155.8,570.2,129.9,24.2,98.9,24.8,10,275.9,1
2024-08-22,REG-C,0.0,177.2,0.0,31.1,67.3,4.0,300,0.0,0
2023-10-15,REG-D,0.0,197.2,0.0,29.3,70.8,6.5,175,0.0,0
2024-03-22,REG-A,165.7,580.4,129.9,24.1,98.9,25.3,45,305.6,1
2023-02-15,REG-E,125.4,460.8,0.0,24.5,97.5,19.6,800,195.1,1
2025-04-15,REG-B,0.0,92.5,0.5,29.8,75.5,7.8,60,0.0,0
2023-05-30,REG-C,0.0,181.8,0.0,29.1,72.5,8.2,150,0.0,0
2024-02-10,REG-D,138.7,500.1,0.0,24.3,98.4,21.6,250,215.3,1
2023-10-25,REG-A,125.8,475.6,129.2,24.6,98.2,20.6,5,210.2,1
2025-03-15,REG-E,235.4,680.9,0.0,23.1,98.9,26.0,450,340.8,1
2023-01-01,REG-B,150.3,555.1,129.9,24.3,98.8,24.1,10,260.7,1
2024-10-18,REG-C,0.0,178.5,0.0,28.9,74.1,7.2,300,0.0,0
2024-01-05,REG-D,148.9,525.6,0.0,24.1,98.6,22.3,175,230.5,1
2024-02-10,REG-A,160.2,570.3,129.8,24.2,98.9,24.8,45,295.1,1
2023-01-20,REG-E,0.0,80.5,0.0,28.8,81.8,8.3,600,0.0,0
2025-02-18,REG-B,108.7,430.5,128.8,24.9,96.8,18.8,60,175.4,1
2023-07-10,REG-C,0.0,181.2,0.0,32.1,66.7,3.7,150,0.0,0
2025-01-15,REG-D,180.2,620.3,0.0,23.7,98.9,25.4,250,300.9,1
2023-01-22,REG-A,145.1,520.8,129.7,24.3,98.4,22.2,5,235.6,1
2025-04-08,REG-E,150.8,540.2,0.0,24.1,98.5,22.4,800,240.3,1
2023-05-05,REG-B,0.0,87.5,0.0,30.8,71.2,8.2,10,0.0,0
2024-06-12,REG-C,0.0,178.0,0.0,30.4,71.2,8.7,300,0.0,0
2023-09-30,REG-D,0.0,199.8,0.0,29.1,78.9,7.4,175,0.0,0
2023-12-25,REG-A,155.6,550.2,129.6,24.2,98.7,23.3,45,265.3,1
2023-04-15,REG-E,215.3,650.8,0.0,23.3,98.9,24.8,450,300.7,1
2025-02-01,REG-B,130.4,495.3,129.6,24.5,98.3,21.4,60,225.1,1
2023-11-15,REG-C,12.5,195.8,0.0,26.8,86.9,6.5,150,18.7,0
2024-10-20,REG-D,168.4,575.1,0.0,23.9,98.9,23.5,250,275.6,1
2023-03-10,REG-A,128.7,480.9,129.5,24.5,97.9,20.5,5,210.4,1
2025-01-30,REG-E,248.3,681.2,0.0,23.0,98.9,26.4,600,335.8,1
2024-02-02,REG-B,165.4,600.7,129.9,24.1,98.9,25.9,10,295.2,1
2024-08-30,REG-C,0.0,176.9,0.0,31.3,67.1,3.8,300,0.0,0
2023-10-22,REG-D,0.0,196.8,0.0,29.2,71.1,6.6,175,0.0,0
2024-03-28,REG-A,175.2,610.8,129.9,24.0,98.9,26.2,45,325.1,1
2023-02-10,REG-E,135.8,490.1,0.0,24.3,97.8,20.6,800,215.5,1
2025-04-20,REG-B,0.0,89.8,0.0,30.0,74.8,7.7,60,0.0,0
2023-05-22,REG-C,0.0,182.0,0.0,29.0,72.8,8.3,150,0.0,0
2024-02-15,REG-D,152.3,535.8,0.0,24.1,98.8,22.8,250,235.9,1
2023-10-20,REG-A,138.2,510.3,129.4,24.4,98.5,21.7,5,230.8,1
2025-03-22,REG-E,240.1,680.5,0.0,23.1,98.9,26.2,450,350.2,1
2022-12-28,REG-B,160.7,585.4,129.9,24.2,98.9,25.1,10,280.3,1
2024-10-25,REG-C,0.0,178.2,0.0,28.8,74.5,7.1,300,0.0,0
2024-01-12,REG-D,162.5,560.2,0.0,24.0,98.7,23.1,175,250.9,1
2024-02-05,REG-A,170.8,600.1,129.9,24.1,98.9,25.8,45,315.7,1
2023-01-15,REG-E,0.0,81.2,0.0,29.1,81.1,8.1,600,0.0,0
2025-02-22,REG-B,122.3,460.9,129.2,24.6,97.3,19.9,60,195.8,1
2023-07-05,REG-C,0.0,181.4,0.0,32.4,66.5,3.5,150,0.0,0
2025-01-22,REG-D,190.4,650.8,0.0,23.6,98.9,26.3,250,320.5,1
2023-01-28,REG-A,158.4,550.1,129.8,24.2,98.6,23.2,5,255.2,1
2025-04-12,REG-E,160.3,570.8,0.0,24.0,98.6,23.3,800,260.9,1
2023-04-22,REG-B,0.0,84.8,0.0,31.4,70.2,7.8,10,0.0,0
2024-05-30,REG-C,0.0,177.5,0.0,30.7,70.8,8.9,300,0.0,0
2023-09-15,REG-D,0.0,198.5,0.0,29.3,77.5,7.2,175,0.0,0
2023-12-15,REG-A,180.1,615.3,129.9,24.0,98.9,25.6,45,305.4,1
2023-04-28,REG-E,230.7,670.9,0.0,23.2,98.9,25.9,450,330.6,1
2025-01-22,REG-B,150.2,550.8,129.8,24.3,98.6,23.7,60,265.9,1
2023-11-28,REG-C,25.1,215.4,0.0,26.2,88.5,6.3,150,35.8,0
2024-10-10,REG-D,190.2,640.7,0.0,23.7,98.9,25.2,250,320.8,1
2023-03-25,REG-A,155.8,550.1,129.8,24.2,98.3,22.7,5,250.3,1
2025-02-08,REG-E,249.8,681.4,0.0,23.0,98.9,26.5,600,355.1,1
2024-02-12,REG-B,185.3,660.8,129.9,23.9,98.9,27.8,10,335.7,1
2024-09-12,REG-C,0.0,176.2,0.0,31.8,66.7,3.4,300,0.0,0
2023-11-02,REG-D,0.0,196.2,0.0,29.0,71.8,6.8,175,0.0,0
2024-04-08,REG-A,195.2,670.5,129.9,23.8,98.9,28.0,45,365.3,1
2023-01-30,REG-E,155.7,550.3,0.0,24.1,98.2,22.8,800,255.4,1
2025-04-30,REG-B,0.0,84.5,0.0,30.5,73.5,7.5,60,0.0,0
2023-05-10,REG-C,0.0,182.5,0.0,28.8,73.5,8.5,150,0.0,0
2024-02-28,REG-D,178.4,605.9,0.0,23.8,98.9,24.8,250,275.7,1
2023-10-10,REG-A,162.3,580.2,129.7,24.2,98.8,23.9,5,270.9,1
2025-04-02,REG-E,248.9,681.3,0.0,23.0,98.9,26.5,450,370.1,1
2022-12-18,REG-B,180.8,645.3,129.9,24.0,98.9,26.9,10,320.4,1
2024-11-05,REG-C,0.0,177.6,0.0,28.6,75.1,6.9,300,0.0,0
2024-01-25,REG-D,188.9,630.1,0.0,23.7,98.9,25.0,175,300.6,1
2024-01-30,REG-A,190.5,660.2,129.9,23.9,98.9,27.6,45,355.4,1
2023-01-05,REG-E,0.0,82.1,0.0,29.5,80.1,7.8,600,0.0,0
2025-03-05,REG-B,148.9,535.8,129.7,24.3,98.1,22.3,60,235.5,1
2023-06-22,REG-C,0.0,181.8,0.0,33.0,66.2,3.1,150,0.0,0
2025-02-02,REG-D,210.3,681.1,0.0,23.4,98.9,27.9,250,360.8,1
2023-02-08,REG-A,182.4,610.2,129.9,24.0,98.8,25.3,5,295.3,1
2025-04-22,REG-E,180.4,630.8,0.0,23.8,98.9,25.5,800,300.1,1
2023-04-18,REG-B,0.0,83.5,0.0,31.7,69.8,7.6,10,0.0,0
2024-05-22,REG-C,0.0,177.2,0.0,30.8,70.5,9.0,300,0.0,0
2023-09-10,REG-D,0.0,197.8,0.0,29.4,76.8,7.1,175,0.0,0
2023-12-10,REG-A,192.3,650.7,129.9,23.9,98.9,26.6,45,325.9,1
2023-05-02,REG-E,235.8,675.3,0.0,23.1,98.9,26.1,450,340.5,1
2025-01-18,REG-B,160.5,580.4,129.9,24.2,98.7,25.8,60,285.1,1
2023-12-02,REG-C,35.2,230.8,0.0,25.9,89.5,6.2,150,48.9,0
2024-10-05,REG-D,200.8,670.2,0.0,23.6,98.9,26.1,250,340.4,1
2023-03-30,REG-A,168.2,585.9,129.9,24.1,98.5,23.8,5,270.7,1
2025-02-12,REG-E,249.9,681.4,0.0,23.0,98.9,26.5,600,365.2,1
2024-02-18,REG-B,195.7,690.4,129.9,23.8,98.9,28.8,10,355.1,1
2024-09-18,REG-C,0.0,175.8,0.0,32.1,66.5,3.2,300,0.0,0
2023-11-08,REG-D,0.0,195.8,0.0,28.9,72.1,6.9,175,0.0,0
2024-04-12,REG-A,205.8,700.1,129.9,23.7,98.9,28.9,45,385.6,1
2023-01-25,REG-E,165.3,580.9,0.0,24.0,98.4,23.9,800,275.8,1
2025-05-05,REG-B,0.0,81.8,0.0,30.8,72.8,7.4,60,0.0,0
2023-05-05,REG-C,0.0,182.8,0.0,28.7,73.8,8.6,150,0.0,0
2024-03-02,REG-D,190.1,640.3,0.0,23.7,98.9,25.7,250,295.4,1
2023-10-05,REG-A,175.8,615.7,129.8,24.0,98.9,25.0,5,290.3,1
2025-04-08,REG-E,249.5,681.4,0.0,23.0,98.9,26.5,450,380.6,1
2022-12-12,REG-B,190.4,675.8,129.9,23.9,98.9,27.9,10,340.9,1
2024-11-12,REG-C,0.0,177.2,0.0,28.5,75.5,6.8,300,0.0,0
2024-01-30,REG-D,200.3,660.8,0.0,23.6,98.9,25.9,175,320.1,1
2024-01-25,REG-A,200.9,690.4,129.9,23.8,98.9,28.5,45,375.8,1
2022-12-30,REG-E,0.0,82.5,0.0,29.8,79.8,7.7,600,0.0,0
2025-03-10,REG-B,162.4,570.3,129.8,24.2,98.3,23.4,60,255.9,1
2023-06-15,REG-C,0.0,182.1,0.0,33.2,66.1,2.9,150,0.0,0
2025-02-08,REG-D,220.7,681.3,0.0,23.3,98.9,28.8,250,380.4,1
2023-02-12,REG-A,195.8,640.7,129.9,23.9,98.9,26.4,5,315.8,1
2025-04-28,REG-E,190.2,660.1,0.0,23.7,98.9,26.6,800,320.7,1
2023-04-12,REG-B,0.0,82.1,0.0,32.0,69.5,7.4,10,0.0,0
2024-05-15,REG-C,0.0,176.8,0.0,31.0,70.2,9.1,300,0.0,0
2023-09-05,REG-D,0.0,197.1,0.0,29.5,76.1,7.0,175,0.0,0
2023-12-05,REG-A,202.4,680.2,129.9,23.8,98.9,27.5,45,345.1,1
2023-05-08,REG-E,240.3,680.7,0.0,23.1,98.9,26.3,450,350.9,1
2025-01-12,REG-B,170.8,610.9,129.9,24.1,98.8,25.8,60,305.5,1
2023-12-08,REG-C,45.1,250.3,0.0,25.5,90.5,6.1,150,62.4,0
2024-09-30,REG-D,210.4,680.8,0.0,23.5,98.9,26.9,250,360.1,1
2023-04-05,REG-A,180.7,620.4,129.9,24.0,98.7,24.9,5,290.2,1
2025-02-18,REG-E,250.0,681.4,0.0,23.0,98.9,26.5,600,375.8,1
2024-02-22,REG-B,205.1,720.3,129.9,23.7,98.9,29.7,10,375.6,1
2024-09-25,REG-C,0.0,175.5,0.0,32.4,66.3,3.0,300,0.0,0
2023-11-12,REG-D,0.0,195.5,0.0,28.8,72.5,7.0,175,0.0,0
2024-04-18,REG-A,215.4,730.8,129.9,23.6,98.9,29.8,45,405.2,1
2023-01-20,REG-E,175.8,610.4,0.0,23.9,98.6,25.0,800,295.3,1
2025-05-10,REG-B,0.0,79.5,0.0,31.1,72.1,7.3,60,0.0,0
2023-04-30,REG-C,0.0,183.1,0.0,28.6,74.1,8.7,150,0.0,0
2024-03-08,REG-D,202.3,670.8,0.0,23.6,98.9,26.6,250,315.9,1
2023-09-30,REG-A,188.9,650.1,129.8,23.9,98.9,26.1,5,310.7,1
2025-04-12,REG-E,249.9,681.4,0.0,23.0,98.9,26.5,450,390.4,1
2022-12-08,REG-B,200.1,705.4,129.9,23.8,98.9,28.9,10,360.5,1
2024-11-18,REG-C,0.0,176.8,0.0,28.4,75.8,6.7,300,0.0,0
2024-02-02,REG-D,212.5,681.2,0.0,23.4,98.9,26.8,175,340.7,1
2024-01-20,REG-A,210.3,720.9,129.9,23.7,98.9,29.4,45,395.3,1
2022-12-25,REG-E,0.0,82.8,0.0,30.1,79.5,7.6,600,0.0,0
2025-03-15,REG-B,175.1,605.8,129.9,24.0,98.5,24.5,60,275.4,1
2023-06-10,REG-C,0.0,182.4,0.0,33.5,65.9,2.7,150,0.0,0
2025-02-12,REG-D,230.1,681.4,0.0,23.2,98.9,29.7,250,400.9,1
2023-02-18,REG-A,208.4,670.3,129.9,23.8,98.9,27.4,5,335.1,1
2025-05-02,REG-E,200.7,690.2,0.0,23.6,98.9,27.7,800,340.3,1
2023-04-08,REG-B,0.0,80.8,0.0,32.3,69.1,7.2,10,0.0,0
2024-05-10,REG-C,0.0,176.5,0.0,31.2,70.0,9.2,300,0.0,0
2023-08-30,REG-D,0.0,196.5,0.0,29.6,75.5,6.9,175,0.0,0
2023-11-30,REG-A,212.8,710.8,129.9,23.7,98.9,28.4,45,365.7,1
2023-05-12,REG-E,245.7,681.0,0.0,23.0,98.9,26.5,450,360.2,1
2025-01-08,REG-B,180.3,640.2,129.9,24.0,98.9,26.8,60,325.8,1
2023-12-12,REG-C,55.8,270.1,0.0,25.2,91.5,6.0,150,75.3,0
2024-09-22,REG-D,220.1,681.3,0.0,23.3,98.9,27.8,250,380.7,1
2023-04-12,REG-A,192.3,655.8,129.9,23.9,98.8,26.0,5,310.8,1
2025-02-22,REG-E,250.0,681.4,0.0,23.0,98.9,26.5,600,388.8,1
2024-02-28,REG-B,215.7,750.9,129.9,23.6,98.9,30.6,10,395.2,1
2024-10-02,REG-C,0.0,175.2,0.0,32.7,66.1,2.8,300,0.0,0
2023-11-18,REG-D,0.0,195.2,0.0,28.7,72.8,7.1,175,0.0,0
2024-04-22,REG-A,225.9,760.4,129.9,23.5,98.9,30.7,45,425.8,1
2023-01-15,REG-E,185.3,640.9,0.0,23.8,98.7,26.1,800,315.7,1